{
    "AlutaFx_RULESET": {
        "General_Rules": [
            "AlutaFx is a community focused on sharing trading knowledge, signals, and strategies.",
            "Respect all members and maintain professionalism in all interactions.",
            "No spamming, self-promotion, or sharing of unrelated content."
        ],
        "Signal_Usage": [
            "All signals shared are for educational purposes only.",
            "Execute trades at your own risk\u2014AlutaFx is not liable for any financial losses.",
            "Always use proper risk management."
        ],
        "Trading_Rules": [
            "Stick to a maximum of 1-2% risk per trade.",
            "Avoid trading under emotional pressure (FOMO, revenge trading).",
            "Wait for confirmation before entering trades."
        ],
        "Content_Sharing": [
            "Do NOT copy or resell AlutaFx signals, strategies, or tutorials without permission.",
            "Give credit when sharing insights or setups from AlutaFx."
        ],
        "Community_Conduct": [
            "Engage positively and help others grow.",
            "Report any inappropriate behavior to the admin team.",
            "Stay on topic\u2014focus on Forex, Gold, Indices, and Prop Firm trading."
        ],
        "Disclaimer": [
            "Past performance does not guarantee future results.",
            "AlutaFx provides educational material only.",
            "Trade responsibly and seek financial advice if needed."
        ],
        "Copyright": "\u00a9 2025 AlutaFx - Empowering Traders Worldwide."
    }
}